"","ITAEE","PIB","Sucursales","Cajeros","Densidad_población","I.E.D","Prod_mayor","Prod_menor","Prod_manof","Salario"
"1",99.45,-0.0312946291755586,1.746170263,3.503828489,224.8704194,84.22,103.4,93.4,119.9,252.66
"2",99.55,-0.040101041637599,1.617168364,5.275146175,48.22329198,244.09,75.8,81.3,92.6,270.27
"3",98.34,-0.0528996944157644,4.265357601,4.187805644,9.747899917,55.81,84,87.4,94.1,261.48
"4",99.85,-0.128910590934908,1.95553324,1.829369805,15.48217917,69.99,90,87.7,113.8,337.43
"5",97.52,-0.0609684102976511,1.154114941,1.273909151,67.68097172,64.24,84.9,94.2,82.3,262.87
"6",99.39,-0.0698443896431944,1.805367998,3.228831227,14.7153051,839.13,81.8,102.2,113.5,237.28
"7",98.35,-0.0232607090347497,1.95211332,5.518937657,19.06768529,248.47,87.3,90.7,86.5,239.76
"8",98.08,-0.0369330582766669,3.276152091,3.060357642,128.0101421,-2.24,80.6,111.1,74.6,250.69
"9",99.14,-0.018859258468096,3.002406706,2.946084502,6020.964841,1468.2,76.3,100.3,108,369.84
"10",99.42,-0.00728398323204678,1.330439492,2.997595151,14.20389026,57.57,93.7,100.1,84.9,214.89
"11",98.12,-0.0114861675400749,2.315398717,2.330401301,188.4566662,1142.61,85.4,90.8,114.6,227.93
"12",98.55,-0.0261894625308976,1.375238209,2.083694257,53.91473396,428.05,86.6,92.2,100.1,242.26
"13",98.36,-0.0591718818699647,1.351587848,1.864085843,133.7170976,128.81,82.2,101.2,97.5,241.12
"14",99.68,-0.0128053366604692,2.528469639,3.255020601,96.29817825,96.58,84.4,85.1,125.8,280.75
"15",100.27,-0.0118021336670095,1.459312843,1.769714467,699.8420001,169.15,89.3,104.8,111.8,275.93
"16",99.31,-0.0274151523200343,1.920002032,1.851319032,75.63675868,154.71,79.6,105.6,122.9,240.75
"17",99.61,-0.00581893598179905,2.180820144,2.658104014,379.2982253,82.97,94.2,101,120,273.76
"18",101.37,-0.0253333653551005,1.908578118,2.672009365,43.10809396,82.97,84.6,93.9,141.6,219.86
"19",100.24,-0.0454116859438916,2.741111206,6.740980427,76.57574904,591.25,90.8,87.4,105.1,308.96
"20",99.37,-0.0697275526981669,1.352521417,1.276169402,41.67544314,374.49,77.6,104.4,118.3,232.46
"21",101.06,-0.0515284101895324,1.607170679,1.839818724,178.885205,593.74,72.8,92.3,122.8,256.21
"22",99.59,-0.0306439090428956,2.609117084,3.544050705,165.1703043,422.45,88.3,102.7,100.9,308.95
"23",99.59,-0.00557230212816005,2.157236871,4.560474438,23.55473982,131.39,83.9,86.4,131.2,216.91
"24",98.86,-0.0252572433124072,1.564190351,2.148786745,44.62904255,617.1,93.2,83,115.8,257.07
"25",100.86,-0.0310453910870105,2.883320902,3.954538324,50.47705006,100.89,93.1,94,107.8,204.88
"26",98.99,-0.0190374281312141,1.974654747,5.464514869,14.94500743,1060.64,79.5,141.9,109.2,234
"27",99.94,-0.121952890800284,1.526717048,2.781883633,94.66295503,144.28,93.7,53.1,103.7,249.98
"28",100.37,-0.0369225682655382,1.909431383,6.094268498,43.39185333,458.3,80,95.2,98.4,257.68
"29",98.54,-0.0569413742404478,1.243629989,1.635143133,306.0284243,34.09,81.6,124.1,104.7,234.82
"30",99.51,-0.053354084455226,1.55068254,1.982584053,102.5112443,262.58,84.5,89.3,92.3,288.85
"31",98.87,-0.0259848804852109,1.913122286,2.517615786,52.20346059,26.18,92.5,73.7,122.2,241.12
"32",98.89,-0.123975707902275,1.550559497,2.568974314,20.72625228,157.68,86.7,78.4,71.6,238.25
"33",99.2,0.0408670245010949,1.792122112,3.607220149,224.8704194,-27.52,104.5,97.2,122.3,249
"34",99.85,0.0408670245010949,1.637535724,5.434011581,48.22329198,433.9,82.1,84.7,99,270.47
"35",98.51,0.0408670245010949,2.307170702,4.323521568,9.747899917,112.02,87.5,78.7,105.8,258.1
"36",99.81,0.0408670245010949,2.081696675,1.860910664,15.48217917,141.78,103.2,90.5,124.8,331.7
"37",98.04,0.0408670245010949,1.200863901,1.32065811,67.68097172,76.87,88.9,97.3,83.6,262.77
"38",100.52,0.0408670245010948,1.828513741,3.344559945,14.7153051,662.19,86.1,106,119.7,237.93
"39",99.1,0.0408670245010948,1.966573418,5.735839137,19.06768529,1161.61,90.3,93.6,93.3,240.37
"40",101.45,0.0408670245010948,2.903416224,3.138828351,128.0101421,52.66,84.9,110.6,65,252.37
"41",98.95,0.0408670245010949,2.889762299,3.090500409,6020.964841,2442.13,76.6,101.3,111.7,366.76
"42",99.36,0.0408670245010949,1.338652081,3.055083277,14.20389026,116.51,101.2,99.6,86.4,213.57
"43",97.53,0.0408670245010949,2.32790087,2.45542283,188.4566662,2655.47,85.9,90.2,107,228.97
"44",100.24,0.0408670245010949,1.387740375,2.12953553,53.91473396,1447.4,87.9,89.7,108.8,243.26
"45",99.61,0.0408670245010949,1.361636829,1.899257274,133.7170976,666.08,86,100.6,110.7,240.89
"46",100.01,0.0408670245010949,2.575460498,3.40683722,96.29817825,327.72,84.7,86.2,127.9,280.13
"47",99.11,0.0408670245010949,1.426997057,1.833495623,699.8420001,1801.93,88.9,101.9,117.1,274.11
"48",98.77,0.0408670245010948,1.938733759,1.954343532,75.63675868,588.52,85.7,101.8,127.8,243.4
"49",99.65,0.0408670245010948,2.224877117,2.680132501,379.2982253,219.31,100.5,94.8,114,281.18
"50",100.47,0.0408670245010948,2.015935637,2.767438271,43.10809396,219.31,88.1,93.3,161.1,218.78
"51",100.43,0.0408670245010949,2.868091181,6.553270898,76.57574904,609.84,93.6,87.1,113.3,312.52
"52",99.28,0.0408670245010948,1.356157227,1.290712643,41.67544314,1371.16,76.2,113.5,112,230.25
"53",100.53,0.0408670245010949,1.642780073,1.884923957,178.885205,54.1,77.9,97.4,134.3,254.84
"54",99.09,0.0408670245010949,2.580126894,3.609278633,165.1703043,244.99,91.1,105.4,103.3,311.64
"55",99.63,0.040867024501095,2.31808348,4.721321046,23.55473982,117.97,86.5,81.1,121.8,216.26
"56",100.37,0.0408670245010949,1.616856693,2.18038655,44.62904255,1027.83,92.1,80.8,113.7,258.74
"57",100.46,0.0408670245010949,1.911202889,4.143299103,50.47705006,243.28,98.5,97.4,101.8,207.55
"58",99.96,0.040867024501095,2.052858895,5.645361963,14.94500743,695.75,92.8,146.8,114.7,235.32
"59",97.03,0.0408670245010949,1.562923777,2.836193726,94.66295503,157.84,99.2,51.1,105.8,246.97
"60",100.85,0.0408670245010948,1.933299275,6.424441008,43.39185333,760.41,83.5,99.5,100.9,259.78
"61",101.31,0.0408670245010948,1.243629989,1.658173318,306.0284243,81.25,98.1,127.7,110.6,230.36
"62",100.93,0.040867024501095,1.566293438,2.046762189,102.5112443,700.81,94.4,87.8,96.3,278.04
"63",99.37,0.0408670245010947,2.198762071,2.584043643,52.20346059,446.22,100.3,76.7,126.6,243.83
"64",99.38,0.0408670245010949,1.58725913,2.624023764,20.72625228,1437.26,93.5,79,82.1,241.83
"65",100.97,-0.0107961416277184,1.792122112,3.572756263,224.8704194,74.99,100.8,100.2,112.8,251.91
"66",101.07,-0.0107961416277184,1.686417387,5.539921851,48.22329198,192.22,83.7,92.1,101.1,270.51
"67",100.9,-0.0107961416277185,2.34594668,4.28474559,9.747899917,175.11,80.3,79,85.7,259.58
"68",100.18,-0.0107961416277184,2.097467104,1.892451522,15.48217917,27.62,111.3,91,95.8,334.43
"69",99.37,-0.0107961416277186,1.197942091,1.34403259,67.68097172,26.03,82.2,113,86,268.67
"70",99.52,-0.0107961416277186,1.840086613,3.340702321,14.7153051,2.65,84,107.3,115.4,246.57
"71",100.53,-0.0107961416277184,1.98585355,5.7743994,19.06768529,-35.33,94.3,94.1,91.2,240.15
"72",100.31,-0.0107961416277184,2.962269256,3.236916737,128.0101421,175.11,76.7,111.2,52.3,252.91
"73",100.58,-0.0107961416277185,2.931642912,3.122271909,6020.964841,569.75,76,109.5,113.7,366.1
"74",100.54,-0.0107961416277185,1.387927618,3.087933635,14.20389026,-6.85,94.7,95.5,86.6,219.24
"75",101.77,-0.0107961416277185,2.375409051,2.5429379,188.4566662,168.63,85.5,94.7,118,228.43
"76",100.56,-0.0107961416277184,1.404409929,2.121200753,53.91473396,130.37,79.8,100.1,103.8,245.34
"77",100.49,-0.0107961416277185,1.426955201,1.934428705,133.7170976,35.02,79.9,105.2,98.1,244.46
"78",99.73,-0.0107961416277185,2.721855094,3.48636021,96.29817825,-39.85,86.1,85.1,130.1,281.35
"79",100.23,-0.0107961416277185,1.489077382,1.8266923,699.8420001,410.4,87.4,107.4,118.1,274.16
"80",100.66,-0.0107961416277185,1.954343532,2.010538713,75.63675868,76.43,87.6,101.3,126.4,248.41
"81",100.76,-0.0107961416277184,2.26893409,2.650761186,379.2982253,51.08,101.2,96.1,110.1,277.41
"82",100.98,-0.0107961416277185,2.02786425,2.827081337,43.10809396,51.08,83.6,97.5,91.3,222.58
"83",99.56,-0.0107961416277185,2.837726404,6.61952132,76.57574904,-259.08,96.5,79,112.3,310.8
"84",101.04,-0.0107961416277185,1.370700469,1.308891694,41.67544314,-10.51,73.9,108.6,120.4,232.89
"85",99.24,-0.0107961416277186,1.671267589,1.846940603,178.885205,203.86,78.1,97.2,119.8,257.04
"86",101.02,-0.0107961416277186,2.623612179,3.602031085,165.1703043,195.39,89.5,110.5,103.9,310.36
"87",99.2,-0.0107961416277185,2.33700661,4.740244177,23.55473982,606.81,85.7,80.8,83.5,218.89
"88",100.28,-0.0107961416277185,1.595790156,2.290985868,44.62904255,188.63,94.5,81.7,101.9,261.87
"89",96.92,-0.0107961416277184,1.920640928,4.148018123,50.47705006,-19.34,95,102.1,100.8,210.7
"90",100.14,-0.0107961416277186,2.043083377,5.752892667,14.94500743,196.4,87.6,145.4,108.4,239.31
"91",99.9,-0.0107961416277186,1.574992686,2.896538273,94.66295503,51.58,100.9,50.1,124,250
"92",99.07,-0.0107961416277185,1.905453401,6.511956613,43.39185333,119.93,84.6,101.7,96.2,259.42
"93",99.56,-0.0107961416277185,1.255145081,1.681203503,306.0284243,-34.56,94.3,127.9,112.5,233.13
"94",100.47,-0.0107961416277186,1.574966159,2.090125795,102.5112443,313.33,95.9,84.9,87.9,288.65
"95",99.63,-0.0107961416277185,2.311689428,2.550829714,52.20346059,16.07,99.2,77.1,125.8,243.39
"96",100.9,-0.0107961416277185,1.58725913,2.559799406,20.72625228,552.21,94.9,81.9,74.8,250.77
"97",100.49,0.0403847812009267,1.861049886,5.732493167,224.8704194,-86.26,100.2,107.8,118.4,249.92
"98",99.49,0.0403847812009266,1.706784747,7.421865892,48.22329198,424.93,82.5,89.3,99.4,270.37
"99",102.04,0.0403847812009265,2.307170702,9.228682809,9.747899917,78.52,85.7,84.7,121.9,258.22
"100",100.16,0.0403847812009265,2.081696675,4.951914817,15.48217917,39.05,133,97.1,100.7,342.45
"101",104.99,0.0403847812009267,1.227160191,1.945925446,67.68097172,26.09,93.2,117.1,87,268.55
"102",100.44,0.0403847812009267,1.836228989,5.493256472,14.7153051,842.98,85.7,117.9,114.6,239.14
"103",102.17,0.0403847812009265,1.956933353,6.907107129,19.06768529,431.01,96.3,102.1,94.9,239.06
"104",99.92,0.0403847812009266,2.962269256,6.120715284,128.0101421,-57.65,80,118.1,55.3,251.87
"105",101.26,0.0403847812009266,2.909980526,9.089537185,6020.964841,1406.77,83.1,124.3,110.5,362.38
"106",99.82,0.0403847812009267,1.428990565,3.391799445,14.20389026,280.21,95,107.3,88.2,216.82
"107",102.45,0.0403847812009265,2.425417663,3.830659648,188.4566662,620.41,93.1,104.8,111.4,227.9
"108",100.91,0.0403847812009265,1.421079483,2.783815527,53.91473396,629.85,86.3,116.3,123.4,237.47
"109",101.8,0.0403847812009265,1.477200102,3.029767556,133.7170976,256.8,83.6,109.8,99.8,242.98
"110",100.68,0.0403847812009266,2.748965205,5.317196339,96.29817825,89.79,91.1,93.1,132.9,280.54
"111",100.33,0.0403847812009267,1.457612012,3.356589622,699.8420001,561.27,94.1,118.3,116.4,270.87
"112",101.45,0.0403847812009266,1.976197213,2.853466434,75.63675868,1435.02,97.2,118,122.7,244.52
"113",100.14,0.0403847812009265,2.26893409,4.802210015,379.2982253,97.7,100.1,104.3,103.7,273.76
"114",97.36,0.0403847812009267,2.409579874,4.735659456,43.10809396,97.7,89.9,104.3,67.1,220.95
"115",99.82,0.0403847812009265,2.846007707,9.526258581,76.57574904,1332.2,98.4,86,111.9,310.05
"116",100.42,0.0403847812009266,1.439780863,2.210572639,41.67544314,207.42,78.1,118.9,113.2,229.82
"117",98.96,0.0403847812009267,1.683137387,2.976945393,178.885205,599.19,74,103.6,111.8,256.71
"118",100.39,0.0403847812009267,2.696087653,6.457564782,165.1703043,45.72,90.5,120.3,103.1,310.62
"119",100.95,0.0403847812009266,2.355929741,12.37572731,23.55473982,146.99,91.2,87.3,93.5,214.35
"120",100.44,0.0403847812009266,1.643189864,3.892042658,44.62904255,174.6,94.3,90.7,103.3,260.4
"121",101.44,0.0403847812009266,1.934797987,4.563291837,50.47705006,300.63,106.2,112,94.1,204.8
"122",100.88,0.0403847812009266,2.038195618,6.261219631,14.94500743,136.17,92.1,147.9,100.5,235.84
"123",103.51,0.0403847812009267,1.581027141,3.89825776,94.66295503,-29.39,112.2,56.6,107.7,247.99
"124",100.28,0.0403847812009266,1.921365329,6.826217195,43.39185333,401.68,89.3,110.2,95.4,258.31
"125",100.59,0.0403847812009266,1.301205451,2.786652382,306.0284243,-7.36,91.5,142.9,107.1,228.4
"126",99.16,0.0403847812009266,1.618329765,3.505513885,102.5112443,427.67,107.4,97,79.4,285.6
"127",101.94,0.0403847812009267,2.457830714,4.683163928,52.20346059,41.09,103.5,83.5,126.9,242.8
"128",100.38,0.0403847812009266,1.596434038,3.018544819,20.72625228,1826.05,98.1,88,56,243.67
"129",108.15,0.0365853564725294,1.766085909,3.588416592,228.0863617,501.57,103.5,98.4,137.8,262.52
"130",99.14,-0.0321656659859721,1.642905678,5.590664469,48.96302229,298.44,76.9,73.1,93.9,278.4
"131",100.52,-0.067708832243648,2.357307466,4.471400671,10.05791877,123.29,79.1,73,109.2,271.32
"132",98.09,-0.124951824527555,2.148655615,1.777664718,15.72554733,36.22,111.7,82.7,116.8,370.83
"133",104.68,-0.0311653204210997,1.19787358,1.326523487,68.57188815,94.53,86.4,99.5,83.2,278.39
"134",99.73,-0.0306701327494519,1.790155129,3.390272558,14.86656999,712.26,82.9,101,114.9,244.71
"135",103.57,-0.041811855361527,1.893812361,5.610419119,19.30180443,284.61,79.6,84.8,95.8,249.6
"136",103.86,-0.0355079859889057,3.031585155,3.396142863,130.3358047,124.54,84.6,111.1,72.5,259.8
"137",100.99,-0.0552679791013302,2.876545251,3.156409734,6008.089768,3206.62,71.7,104.1,109.1,381.93
"138",100.71,-0.0497307656477955,1.444649302,3.050711933,14.35490481,31.94,92.4,94.7,80.6,226.64
"139",100.95,-0.016596377871041,2.379426645,2.571554262,190.09802,1036.69,80.1,96.5,116.9,239.39
"140",102.91,-0.0281234532952632,1.470672315,2.16492824,54.26436515,555.75,86.4,115,118.3,249.05
"141",102.74,-0.00944063425887605,1.455678092,1.954062795,135.4538711,176.31,79.3,98.5,99.3,256.95
"142",100.99,-0.0167900451328728,2.712947112,3.563963266,97.48857351,89.43,85.9,81.4,128.2,290.86
"143",100.93,-0.0363239507530595,1.431458385,1.834498442,710.7354539,665.62,88.2,100.7,114.5,285.55
"144",107.87,0.00401453416466068,1.970487348,2.047579967,76.20338112,120.9,88.5,133,124.3,254.62
"145",99.18,-0.0583323406139145,2.181115208,2.787783015,383.9943225,249.26,96.2,92.5,112.9,286.42
"146",101.53,-0.0127758509785431,2.274687047,2.904600383,43.94211251,249.26,84.5,97.3,137.3,228.42
"147",100.52,-0.0298178452061082,2.797669541,6.960320156,77.69981345,808.43,90.8,75.6,113.6,321.08
"148",101.26,-0.0235025277569703,1.457718662,1.33923414,41.96138665,206.47,69.8,106.3,111.7,239.35
"149",99.93,-0.062014617447278,1.613358095,1.898205689,180.7688281,525.29,75.8,85.6,118.9,267.14
"150",101.93,-0.00441914727807469,2.67341678,3.659106257,167.7658428,655.17,87.2,98.5,104.9,322.56
"151",101.25,-0.0151955180104585,2.341990808,4.839504443,24.26722473,157.65,85.3,79.6,121.4,223.13
"152",100.59,-0.0369479561501644,1.638784007,2.375199605,45.05949273,396.1,83.2,80.9,106.1,270.97
"153",98.39,-0.0597219141398165,1.911023788,4.156825466,50.93112204,248.01,93.4,94.3,98.6,212.41
"154",100.41,-0.0565079925492337,1.9613961,5.850619173,15.15991071,798.95,87.9,129.5,102.3,243.16
"155",100.94,-0.0661725709031832,1.543103826,2.931897269,95.67471269,206.77,94.3,48.1,107.8,263.53
"156",99.96,-0.0512988666945812,1.865188051,6.373703402,43.91066138,189.75,80,98.9,93.4,268.18
"157",102.15,-0.0247013527786974,1.241203665,1.669983112,310.4350033,42.16,88.9,128.4,111,244.5
"158",100.96,-0.0533101130971887,1.562788306,2.081435466,103.3223913,629.94,102.8,90.7,95.9,304.69
"159",102.25,-0.0279250706566218,2.416561512,2.645155169,52.8954557,72.72,93,71.8,126.1,256.78
"160",103.77,-0.0316183644611179,1.565756888,2.624679176,20.90200306,97.45,85.7,76.3,72.6,251.42
"161",110.04,0.03726909791482,1.777334864,3.610914501,228.0863617,230.16,117,98,131.8,260.72
"162",101.19,0.0372690979148198,1.634930408,5.662441901,48.96302229,289.37,79.1,77.3,98.6,277.5
"163",99.06,0.0372690979148199,2.394725045,4.583653407,10.05791877,49.02,84.8,78.3,119.5,269.11
"164",95.32,0.0372690979148198,2.164113569,1.793122672,15.72554733,45.95,106.7,83.6,120.9,389.31
"165",105.39,0.0372690979148199,1.19787358,1.340817921,68.57188815,-48.46,101.7,105.2,92,278.34
"166",102.26,0.03726909791482,1.782553621,3.428280098,14.86656999,495.98,84.7,104.9,119.9,247.46
"167",104.25,0.0372690979148199,1.893812361,5.676702551,19.30180443,977.52,84.3,90.3,98,252.92
"168",102.14,0.03726909791482,2.954836163,3.415330111,130.3358047,18.2,81.8,113.5,62.5,262.64
"169",103,0.03726909791482,2.922708464,3.188146943,6008.089768,289.77,75,102.5,109.5,379.97
"170",103.18,0.0372690979148199,1.444649302,3.066853266,14.35490481,-17.75,90.5,98.1,83.8,226.22
"171",101.88,0.03726909791482,2.391742517,2.591259658,190.09802,611.53,80.8,91.9,115.4,240.68
"172",104.14,0.0372690979148198,1.499428477,2.181360333,54.26436515,499.26,87.4,125.4,120.6,247.12
"173",102.81,0.03726909791482,1.470481598,1.954062795,135.4538711,183.93,74.3,100.2,107.6,254.64
"174",104.96,0.03726909791482,2.723607022,3.597719648,97.48857351,-152.05,90.2,82.5,141.1,290.95
"175",103.11,0.0372690979148198,1.438120204,1.857814809,710.7354539,32.54,91.8,99.1,118.1,286.13
"176",107.49,0.0372690979148201,1.970487348,2.047579967,76.20338112,-77.89,90.8,163.9,103,254.03
"177",100.72,0.0372690979148199,2.181115208,2.816671958,383.9943225,55.68,90.8,93.3,109.1,294.65
"178",102.99,0.0372690979148198,2.239691861,2.881270259,43.94211251,55.68,90.7,100.7,180.1,226.83
"179",103.84,0.0372690979148199,2.91412626,7.046985621,77.69981345,451.76,93.4,82.5,115.3,324.09
"180",103.14,0.0372690979148199,1.454128222,1.34282458,41.96138665,308.81,70.9,106.9,113.2,239.29
"181",101.28,0.0372690979148199,1.599349197,1.933227934,180.7688281,0.85,75.4,88,132.7,265.91
"182",106.5,0.03726909791482,2.666325489,3.666197548,167.7658428,76.95,90.7,99.5,108.2,325.07
"183",102.76,0.0372690979148199,2.259655194,4.848652845,24.26722473,-4.05,88.8,76.6,115.7,223.81
"184",102.3,0.0372690979148199,1.61285388,2.390757681,45.05949273,289.91,85.3,80,108.7,272.9
"185",100.88,0.0372690979148199,1.915673481,4.22657086,50.93112204,63.7,97.5,97,98.9,217.28
"186",101.61,0.0372690979148199,1.966191689,5.960917731,15.15991071,181.51,95.6,134.1,107.3,246.2
"187",101.54,0.0372690979148199,1.543103826,2.937832284,95.67471269,-26.67,94.4,46.9,106.3,265.91
"188",100.25,0.0372690979148199,1.896470031,6.420626372,43.91066138,330.49,82.7,104.4,97.8,272.19
"189",101.08,0.0372690979148199,1.218636325,1.692550452,310.4350033,67.29,89.8,132.5,117.8,241.28
"190",100.86,0.03726909791482,1.57134684,2.105399361,103.3223913,-5.41,91.4,94.3,96.8,296.03
"191",100.5,0.0372690979148198,2.410030265,2.658217664,52.8954557,1.01,95.6,71.6,129.3,259.38
"192",106.46,0.0372690979148199,1.538605034,2.633729794,20.90200306,113.02,85,79.3,83.3,252.27
"193",110.81,-0.00549372069204792,1.788583818,3.655910321,228.0863617,154.65,106.5,100.2,132.3,263.2
"194",101.77,-0.00549372069204776,1.630942773,5.706305888,48.96302229,180.8,76.4,78.2,103,276.95
"195",100,-0.00549372069204774,2.394725045,4.639779775,10.05791877,8.67,87.9,75.1,102.1,271
"196",93.37,-0.00549372069204773,2.225945386,1.684916993,15.72554733,89.72,105.5,98.8,92.8,394.77
"197",106.14,-0.00549372069204779,1.226462448,1.346535695,68.57188815,-2.08,117.9,121,99.9,283.33
"198",103.21,-0.00549372069204785,1.778752867,3.454885376,14.86656999,307.1,82.5,105.3,121.9,255.64
"199",105.59,-0.00549372069204779,1.884343299,5.738251453,19.30180443,25.89,87.6,91.2,93.8,254.9
"200",101.44,-0.00549372069204775,2.993210659,3.472891854,130.3358047,26.36,82,116.3,62.7,263.54
"201",102.15,-0.00549372069204788,2.831824638,3.296341975,6008.089768,671.15,72.9,109,109.5,379.75
"202",101.29,-0.00549372069204783,1.476931968,3.123347931,14.35490481,39.25,94.1,99.2,83.2,229.96
"203",105.83,-0.00549372069204782,2.445932358,2.591259658,190.09802,187.73,76.7,95.9,122.5,240.21
"204",104.64,-0.00549372069204772,1.446024175,2.181360333,54.26436515,27.03,88.9,114.2,100.3,254.55
"205",104.81,-0.00549372069204775,1.52476112,1.944193791,135.4538711,116.6,72.6,104.6,102,256.28
"206",104.45,-0.00549372069204786,2.718277067,3.571069872,97.48857351,-15.26,91.9,86.6,139.9,292.98
"207",103.42,-0.00549372069204774,1.417302019,1.881131176,710.7354539,310.67,97.2,108.6,115.7,287.59
"208",105.43,-0.00549372069204779,1.979738462,2.047579967,76.20338112,74.39,92.3,125.8,101,258.77
"209",99.4,-0.00549372069204776,2.159448501,2.816671958,383.9943225,36.83,89.2,98.3,100.9,293.03
"210",106.74,-0.00549372069204782,2.239691861,2.962925692,43.94211251,36.83,86.8,101.3,84.9,232.91
"211",102.97,-0.00549372069204779,2.81121102,7.120109607,77.69981345,-192.88,98.1,82.7,118.6,324.1
"212",101.63,-0.00549372069204788,1.583384064,1.425404702,41.96138665,-26.85,70.4,102.2,114.6,242.26
"213",101.18,-0.00549372069204786,1.641375891,1.954241281,180.7688281,211.76,74.1,87.5,115.7,269.77
"214",109.5,-0.00549372069204782,2.666325489,3.659106257,167.7658428,159.44,98.7,102,112.9,325.32
"215",104.8,-0.00549372069204778,2.277951997,4.766317231,24.26722473,0.64,85.9,88.1,91.1,225.81
"216",102.61,-0.00549372069204778,1.638784007,2.427059858,45.05949273,82.8,84.6,84.6,106,277.42
"217",103.82,-0.00549372069204775,1.901724402,4.282367175,50.93112204,33.19,101.9,101.7,95.4,220.61
"218",101.79,-0.00549372069204785,1.966191689,6.047238342,15.15991071,-48.62,86.2,128.5,106.9,252.22
"219",103.81,-0.00549372069204781,1.649934091,2.510511224,95.67471269,68.16,94.5,44.5,118.6,268.18
"220",102.84,-0.0054937206920478,1.880829041,6.455818599,43.91066138,27.26,82.8,102.4,95.1,273.33
"221",104.77,-0.00549372069204776,1.308905683,1.703834122,310.4350033,-0.51,90.8,135.2,125.6,243.9
"222",101.41,-0.00549372069204791,1.632968285,2.045489623,103.3223913,65.54,101.8,92.7,92.3,310.71
"223",104.26,-0.0054937206920477,2.481873986,2.6908739,52.8954557,19.12,106,91.6,126.9,258.78
"224",107.63,-0.00549372069204773,1.583858123,2.669932265,20.90200306,472.53,87,83.3,78.2,261.63
"225",113.32,0.046376857383199,1.844828593,5.74821592,228.0863617,52.2,102.3,111.3,138,260.5
"226",104.46,0.0463768573831989,1.618979868,7.560556229,48.96302229,381.81,76.6,85.1,104.2,278.29
"227",99.73,0.0463768573831989,2.413433835,8.587334342,10.05791877,66.81,96.7,98,112.7,275.56
"228",94.46,0.0463768573831989,2.225945386,5.286620291,15.72554733,44.69,112.7,109.8,99.3,394.99
"229",104.37,0.046376857383199,1.246474656,2.015515212,68.57188815,-8.96,116.6,117.4,93.4,281.9
"230",103.5,0.0463768573831988,1.793955883,5.959582255,14.86656999,332.09,82.9,111.8,121.7,250.53
"231",107.32,0.0463768573831987,1.870139706,7.078123698,19.30180443,337.04,98.7,101.5,93.1,255.13
"232",102.3,0.0463768573831989,2.993210659,6.120732053,130.3358047,26.01,85,129.3,66,262.28
"233",102.39,0.0463768573831988,2.836152439,9.629357848,6008.089768,1565.82,77.4,118.9,108.5,377.1
"234",103.27,0.0463768573831988,1.460790635,3.534951922,14.35490481,21.79,100.5,110.4,85.4,226.69
"235",109.02,0.046376857383199,2.441006009,4.162765041,190.09802,1698.89,82.9,108.3,122,237.7
"236",107.29,0.0463768573831988,1.437808129,2.760591608,54.26436515,230.87,92.8,113.7,72.9,247.58
"237",105.93,0.0463768573831989,1.519826618,3.113670767,135.4538711,2.61,72.5,113.7,92.3,254.04
"238",106.88,0.0463768573831989,2.68985064,5.534269976,97.48857351,1.45,94.6,100.4,144.3,291.81
"239",104.26,0.0463768573831989,1.398982016,3.428338668,710.7354539,673.84,104,116.8,112.7,284.16
"240",105.83,0.0463768573831988,1.955068824,2.855510617,76.20338112,92.16,95.5,127.2,95.8,255.15
"241",104.93,0.0463768573831987,2.173892973,4.867786922,383.9943225,14.34,91.8,101.6,102.4,289.8
"242",110.68,0.046376857383199,2.239691861,4.910991009,43.94211251,14.34,89.7,108.9,72.2,230.39
"243",105.85,0.046376857383199,2.835585682,9.944862106,77.69981345,497.37,99.7,90.3,115,323.47
"244",102.29,0.0463768573831989,1.612107584,2.394823516,41.96138665,-5.64,73.5,109.7,109.4,240.26
"245",103.34,0.0463768573831989,1.627366993,3.191693944,180.7688281,312.41,79.6,97.6,123.6,270.67
"246",114.15,0.0463768573831989,2.687599363,6.828913421,167.7658428,204.8,99.5,121,112.2,323.32
"247",105.6,0.0463768573831989,2.287100399,12.56990379,24.26722473,62.89,84.3,95.5,99,221.92
"248",104.2,0.0463768573831988,1.649156058,3.993239511,45.05949273,289.23,86.3,95.6,105,274.01
"249",105.29,0.0463768573831989,1.887775323,4.635743836,50.93112204,56.26,104.1,106.6,96.3,214.73
"250",103.16,0.0463768573831989,1.951804921,6.306200174,15.15991071,-24.47,85.9,138.7,105.3,250.2
"251",100.89,0.0463768573831988,1.649934091,4.083290123,95.67471269,-8.54,103.1,50.9,119.6,265.97
"252",102.01,0.0463768573831989,1.861277803,6.768638398,43.91066138,179.71,85.4,114.2,92.8,273.21
"253",104.99,0.0463768573831987,1.286338343,2.866052098,310.4350033,7.13,82.6,151.3,121.5,238.66
"254",101.74,0.046376857383199,1.636391698,3.729809111,103.3223913,580.26,101.1,114.9,86.3,300.52
"255",106.45,0.0463768573831988,2.468811491,4.846185519,52.8954557,-8.31,105,103.2,132.6,257.99
"256",109.32,0.0463768573831988,1.565756888,3.095311304,20.90200306,13.8,86.5,93.6,67.7,255.58
"257",112.2,0.00699475453744421,1.797030736,3.682259299,231.2263784,481.44,96,97.3,135.5,275.16
"258",107.12,0.0478365883028697,1.578676258,5.685579098,49.69335482,295.21,76.9,80,97.8,285.76
"259",113.03,0.0784913821096027,2.295068126,4.752778876,10.36861645,62.71,92.3,89.2,124.9,284.19
"260",92.51,-0.430725055629663,2.122885303,1.698308242,15.96722917,117.27,103,92.4,148,404.96
"261",102.14,-0.0782124939234167,1.220625092,1.268218273,69.44760457,78.62,112.8,98.2,90,292.48
"262",107.5,-0.0110385538254218,1.768134777,3.468840685,15.01545217,348.15,83.3,98.9,119.9,256.76
"263",104.97,-0.0413409936803533,1.833271523,5.778992975,19.53329576,486.77,86.2,90.8,93.6,264.14
"264",103.13,0.046379438270464,2.873560871,3.437004179,132.6223178,110.43,80.3,117.7,86.4,271.2
"265",104.29,-0.0396341823931374,2.828057433,3.440659069,5994.465595,3039.43,67,103.7,105.4,395.57
"266",102.2,-0.0333521686276895,1.436687054,3.143249023,14.50217411,59.17,98.7,95,80.8,236.51
"267",109.9,0.0201115067247525,2.401959806,2.564681046,191.6825155,1077.13,81.6,94.2,120.4,248.29
"268",105.12,-0.0345898739175388,1.443077791,2.071384132,54.5922297,485.43,88.5,123.6,134.2,258.27
"269",106.33,0.0150507125737436,1.498262018,1.881312825,137.1494502,72.54,74.9,103.1,91.8,265.72
"270",107.2,-0.00689815512994672,2.658278133,3.565343452,98.64849013,231.3,90.3,91.4,141.5,301.69
"271",104.7,-0.0260548591832291,1.376502994,1.917476015,721.4895198,1175.19,92.7,107,112.3,297.63
"272",105.72,-0.0413409936803533,1.944812537,1.746673329,76.74853214,151.97,89.4,139.5,98.9,262.66
"273",103.77,-0.0413409936803531,2.196400489,2.821912602,388.64048,251.43,91.9,92.7,110.1,301.7
"274",112.49,0.000952786010219221,2.225925979,2.990731316,44.76869323,251.43,88.4,100.5,135.7,238.18
"275",106.23,-0.00842001132047526,2.724444929,7.237720528,78.81967474,1330.77,91.9,79.2,114.6,334.78
"276",104.12,-0.0113828997328644,1.589704967,1.426476332,42.23601599,-131.97,68.6,103.6,101.5,248.83
"277",103.17,-0.0206929535442379,1.548741031,1.96005356,182.6066862,264.48,75.5,88.7,126.6,278.11
"278",113.66,0.021669457439248,2.666724249,3.69452422,170.3179117,319.71,103.6,106.6,110.7,336.07
"279",105.66,-0.00895386508847324,2.169688587,4.764459019,24.98017402,117.62,76.3,92.2,128.7,231.69
"280",104.5,0.00707612785094214,1.609699208,2.335341391,45.47685964,349.76,84.5,83.2,102.7,283.59
"281",105.45,0.00430943519201079,1.819771505,4.097923741,51.3766347,112.06,91.2,89,103.9,222.42
"282",103.92,-0.0144627037835408,1.836021361,6.105947963,15.37142789,305.53,80.6,127.8,111.7,257.53
"283",101.23,-0.263638734276213,1.67031253,2.458746766,96.66639601,77.34,93.8,46.1,111.8,278.52
"284",100.67,-0.0189722835328948,1.838162078,6.391266473,44.42019528,193.75,82.3,100.3,92,280.1
"285",109.98,0.00911474349436516,1.239014117,1.670456532,314.7886841,29.77,78.5,127,127.1,256.9
"286",101.31,-0.051044020060107,1.577197852,1.940646446,104.1107762,398.35,96.3,93.9,91.6,325.38
"287",104.14,-0.0207983006877893,2.435105281,2.672833237,53.58459319,80.34,97.9,89.8,115.9,267.2
"288",104.24,-0.0211586988104659,1.536673097,2.707046212,21.07239344,-116.69,78.3,84.8,68.5,261.96
"289",113.75,0.0324835394544557,1.885228563,3.726358213,231.2263784,121.33,111.9,97.1,136.5,273.37
"290",107.1,0.0324835394544558,1.543507728,5.744193316,49.69335482,203.01,80.4,83.5,100.3,286.39
"291",116.64,0.0324835394544558,2.276996724,4.806993084,10.36861645,86.4,96.1,87.8,149.1,279.66
"292",86.7,0.0324835394544557,2.168375702,1.713471709,15.96722917,68.91,108.9,97.6,120,400.52
"293",103.99,0.032483539454456,1.173031912,1.285015866,69.44760457,32.86,123.2,98.3,92.1,292.79
"294",105.37,0.0324835394544558,1.69695986,3.506301168,15.01545217,448.61,91.3,101.7,122,258.02
"295",105.42,0.032483539454456,1.796047736,5.830175682,19.53329576,169.12,89.3,93.5,94.5,267.34
"296",102.34,0.0324835394544559,2.873560871,3.474567066,132.6223178,0.25,84.8,118.8,98.4,274.61
"297",105.83,0.032483539454456,2.803553368,3.495432862,5994.465595,1200.65,74.8,102.1,106.3,395.19
"298",103.24,0.0324835394544559,1.428749556,3.214686501,14.50217411,47.67,102.6,100.6,82.6,235.16
"299",113.5,0.0324835394544557,2.499106815,2.618111902,191.6825155,1227.03,85.9,92.9,131,251.08
"300",107.4,0.0324835394544558,1.398488309,2.095705668,54.5922297,19.21,95.7,145.7,129.6,257.43
"301",109.26,0.0324835394544558,1.440077085,1.871615336,137.1494502,57.07,74.3,107.5,100.7,263.08
"302",108.71,0.0324835394544558,2.672259872,3.596802365,98.64849013,74.75,97,92.8,141.6,301.19
"303",104.49,0.032483539454456,1.310411268,1.922371698,721.4895198,309.48,96.9,109.6,115,297.63
"304",109.05,0.0324835394544559,1.899088105,1.761914806,76.74853214,53.89,95.2,147.1,102,262.86
"305",102.94,0.0324835394544559,2.047130553,2.857453063,388.64048,79.78,91.8,91.9,110.9,308.56
"306",111.55,0.0324835394544559,2.203095969,3.036391336,44.76869323,79.78,99.3,104.1,203.9,236.62
"307",108.22,0.0324835394544558,2.657995053,7.29619642,78.81967474,466.68,84.6,82.9,111,339.48
"308",105.6,0.0324835394544558,1.596801864,1.437121677,42.23601599,155.49,70.5,102.4,94.3,248.43
"309",103.17,0.0324835394544559,1.537251854,2.015201608,182.6066862,196.13,77.7,88.9,129.1,277.72
"310",115.03,0.0324835394544559,2.527832361,3.763970164,170.3179117,179.26,104,108.3,115.1,340.57
"311",109.49,0.0324835394544559,2.160832715,4.799882506,24.98017402,2.22,83,89.1,115.2,232.36
"312",104.96,0.0324835394544558,1.563707802,2.376222641,45.47685964,557.68,84.1,84.8,101.6,288.32
"313",105.56,0.0324835394544559,1.728095358,4.139178007,51.3766347,132.71,97.3,102.8,97.5,228.03
"314",103.91,0.0324835394544558,1.803067132,6.200102904,15.37142789,87.08,92.9,130.7,113.4,259.19
"315",101.37,0.0324835394544558,1.553507458,2.470427273,96.66639601,30.82,100.6,46.1,101.8,273.87
"316",102.13,0.0324835394544559,1.780479168,6.429721746,44.42019528,176.97,84.2,103.8,88.4,281.87
"317",112.81,0.0324835394544557,1.227951491,1.670456532,314.7886841,19.49,90,128,128.9,251.38
"318",101.94,0.0324835394544559,1.572126477,1.962622408,104.1107762,105.47,99.6,94.2,94.3,305.89
"319",108.87,0.0324835394544558,2.409404962,2.724233877,53.58459319,36.73,108,89.8,127.1,274.7
"320",110.95,0.0324835394544558,1.572409681,2.715980357,21.07239344,129.29,92,82.9,72.7,264.83
"321",115.72,0.00408196824753719,1.786006007,4.255545178,231.2263784,59.37,116.4,101.3,135.1,276.48
"322",109.57,0.00408196824753728,1.586491487,6.646852265,49.69335482,297.03,80.3,89.4,102.5,288.6
"323",111.54,0.00408196824753723,2.276996724,5.873205835,10.36861645,168.23,97.5,87.1,183.3,282.74
"324",88.01,0.00408196824753719,2.047067971,2.229029568,15.96722917,285.87,116.1,105.9,114.8,395.96
"325",103.69,0.00408196824753711,1.173031912,2.807997632,69.44760457,107.92,122.1,101.2,103.1,296.94
"326",109.21,0.00408196824753714,1.69695986,4.221796385,15.01545217,1108.83,94.2,104.6,119.1,266.24
"327",108.63,0.00408196824753712,1.791394763,6.588610348,19.53329576,462.48,99.3,99.3,93.5,270.19
"328",104.24,0.00408196824753706,2.911123758,3.906540269,132.6223178,39.44,84.3,119.3,93.2,275.95
"329",107,0.00408196824753717,2.789139212,4.20605076,5994.465595,886.96,73.9,107.2,109.1,393.28
"330",103.73,0.00408196824753706,1.381124571,3.929061279,14.50217411,97.03,105.7,108,81.1,238.44
"331",110.4,0.00408196824753714,2.348528951,2.994556563,191.6825155,656.23,87.6,96.6,124.6,253.05
"332",105.91,0.00408196824753714,1.382273951,2.37540333,54.5922297,418.36,93.2,139,136.7,262.47
"333",109.92,0.00408196824753723,1.493413274,2.264363632,137.1494502,20.45,71.2,105.2,89.2,267.72
"334",111.03,0.00408196824753713,2.595360307,3.981300188,98.64849013,16.4,102.7,104.3,146.5,305.94
"335",106.18,0.00408196824753709,1.316122899,2.441314143,721.4895198,788.26,99.2,110.7,115.6,299.04
"336",113.76,0.00408196824753716,1.938715946,2.024068221,76.74853214,50.38,99,134.8,97.4,269.4
"337",101.98,0.00408196824753715,2.075562922,3.227073858,388.64048,135.22,91.2,92.8,109.3,304.99
"338",109.55,0.00408196824753715,2.168850954,3.458746522,44.76869323,135.22,99.7,101.5,80.9,241.98
"339",109.91,0.0040819682475371,2.628757107,7.904877287,78.81967474,1069.73,81.2,86.2,113,340.14
"340",108.99,0.00408196824753721,1.579059621,1.905516891,42.23601599,79.71,70.4,102.7,115.1,252.46
"341",104.95,0.0040819682475372,1.546443195,3.115864744,182.6066862,174.88,79.4,95.1,118.6,281.05
"342",116.72,0.00408196824753706,2.6042229,4.270925555,170.3179117,636.89,111.1,114.1,117,339.48
"343",108.98,0.00408196824753719,2.098841612,5.933434094,24.98017402,184.49,86.9,92.5,88.2,234.78
"344",110.7,0.0040819682475373,1.568817959,2.733933576,45.47685964,363.76,87.6,87,108.4,295.64
"345",109.98,0.0040819682475372,1.718927744,5.12469658,51.3766347,117.26,104.5,102.4,94.4,229.49
"346",105.92,0.00408196824753721,1.798359385,7.381747422,15.37142789,57.41,94.5,125.5,107.8,263.62
"347",101.1,0.00408196824753702,1.571028218,4.245864367,96.66639601,268.87,100.6,45.6,114.4,275.65
"348",104.4,0.00408196824753711,1.807397859,6.575851786,44.42019528,392.73,87.2,109.2,87.8,281.66
"349",112.38,0.00408196824753725,1.216888865,2.577591868,314.7886841,40.49,106.3,131.2,131.4,253.49
"350",105.89,0.00408196824753718,1.565364642,3.370774402,104.1107762,679.7,107.6,95.8,96.2,327.04
"351",109.58,0.00408196824753714,2.229502725,3.360316787,53.58459319,18.76,107.3,93,137,271.59
"352",109.53,0.00408196824753719,1.554541389,3.252029112,21.07239344,107.24,96.1,87.3,73.9,284.34
"353",117.19,0.0334945719006216,1.774981279,6.151798469,231.2263784,154.13,124.6,113,130.2,273.18
"354",110.86,0.0334945719006215,1.574768644,7.658924421,49.69335482,405.71,81.8,96.2,105.5,291.2
"355",111.11,0.0334945719006214,2.313139529,8.891130065,10.36861645,56.8,99.1,97.1,161.4,280.38
"356",87.1,0.0334945719006216,2.062231437,5.534665254,15.96722917,87.23,109.1,109,115.8,391.85
"357",104.1,0.0334945719006214,1.195428703,2.152891505,69.44760457,45.86,120.2,117.1,112.4,295.61
"358",110.44,0.0334945719006215,1.700705908,6.40199647,15.01545217,571.27,94,121.6,119.2,260.72
"359",107.74,0.0334945719006214,1.782088816,7.28655636,19.53329576,250.35,94.3,114.4,93.7,273.06
"360",106.98,0.0334945719006215,2.854779427,6.329346493,132.6223178,14.62,87.5,137.2,85.4,277.67
"361",107.27,0.0334945719006215,2.787697796,9.996217279,5994.465595,990.2,76.8,124.4,107.7,390.6
"362",103.17,0.0334945719006215,1.444624551,4.048123742,14.50217411,14.86,100.8,121.4,80.8,235.12
"363",111.18,0.0334945719006214,2.375244378,4.412902899,191.6825155,85.32,91.6,110.3,120.5,250.57
"364",106.05,0.0334945719006215,1.378220362,2.801030206,54.5922297,838.34,93.8,168.7,127.4,254.59
"365",114.02,0.0334945719006214,1.498262018,3.568675875,137.1494502,17.85,71.6,116.2,100.9,266.44
"366",108.65,0.0334945719006215,2.541181068,5.930005065,98.64849013,217.43,104.4,116.3,149.5,302.54
"367",106.1,0.0334945719006215,1.329178054,3.569769176,721.4895198,457.41,102.5,125,114.2,296.74
"368",107.67,0.0334945719006215,1.938715946,3.307400632,76.74853214,161,104.3,129.7,82.7,264.67
"369",100.88,0.0334945719006214,2.111103383,4.968556446,388.64048,41.6,98.1,109,114.2,301.88
"370",109.84,0.0334945719006215,2.180265959,5.456372401,44.76869323,41.6,97.1,104.9,71.6,237.08
"371",109.29,0.0334945719006216,2.647363072,10.03127333,78.81967474,416.68,79.2,88.1,111.9,339.47
"372",105.94,0.0334945719006214,1.497445303,2.774886794,42.23601599,193.31,72.8,113.9,112.1,248.69
"373",104.58,0.0334945719006214,1.523464842,3.327265597,182.6066862,178.58,81.8,100.9,120.7,282.1
"374",117.04,0.0334945719006216,2.632001277,7.437660601,170.3179117,306.11,109.8,131,115.6,336.76
"375",111.41,0.0334945719006214,2.107697484,12.84101408,24.98017402,58.4,91.2,102.6,90.7,230.73
"376",108.77,0.0334945719006214,1.579038271,4.220989035,45.47685964,614.9,90.5,103.6,103.6,290.79
"377",112.31,0.0334945719006214,1.709760129,5.253043185,51.3766347,78.12,109.5,106.6,96.7,223.74
"378",107.78,0.0334945719006214,1.784236143,6.369581799,15.37142789,160.8,93.3,131.5,112,260.44
"379",100.82,0.0334945719006215,1.54182695,4.158260563,96.66639601,352.53,102.3,50.5,109.4,269.71
"380",108.13,0.0334945719006216,1.768942586,6.852729756,44.42019528,357.26,84.2,118.5,86.1,280.36
"381",105.96,0.0334945719006214,1.216888865,3.197098926,314.7886841,35.53,106,147.2,124.5,252.5
"382",102.62,0.0334945719006214,1.558602808,4.006386827,104.1107762,392.38,102.4,106.3,80.9,312.34
"383",107.93,0.0334945719006215,2.358004323,5.088663279,53.58459319,70.51,103.9,105.4,135.7,271.71
"384",108.46,0.0334945719006215,1.572409681,3.377107155,21.07239344,12.93,94.2,96.3,70.5,267.01
"385",119.31,0.0460195711092132,1.795017895,4.963332612,234.2940469,205.45,118.9,103.1,133,286.16
"386",111.11,-0.0181293137272718,1.575341527,6.987463756,50.41416297,590.98,79.5,85.5,99.1,302.94
"387",113.01,-0.026715631457023,2.271371784,5.92303873,10.67991238,259.36,97.1,88.3,158.6,296.34
"388",87.26,-0.157800418849567,2.068769354,3.527326165,16.20710257,71.5,91.4,96.4,144.8,406.82
"389",105.12,-0.0550663538299124,1.204522328,3.547716104,70.30897279,70.22,118.2,109.2,104,306.35
"390",112.3,-0.0225167349693214,1.721181563,4.579968108,15.16176617,438.75,88.6,98.3,122.8,266.27
"391",107.42,-0.00543271002546904,2.794628492,4.505978311,5980.124745,168.57,93.6,90.3,92.9,282.63
"392",108.35,-0.00980007137865072,1.811859707,6.885981968,19.76218233,42.75,97.3,121.1,91.9,286.73
"393",109.12,-0.0385849530246204,2.925149032,4.194553328,134.8714106,3201.98,66.9,102.2,101.7,408.79
"394",105.58,-0.00680263742212823,1.445339093,4.164139116,14.64581264,69.97,96.9,126.3,74,243.8
"395",113.11,-0.0246849764418437,2.343978706,3.403322866,193.2114067,1051.41,83.9,90.9,123.4,260.77
"396",111.43,-0.0385849530246202,1.373113052,2.7902618,54.90000927,540.19,85.4,143.5,126.9,266.56
"397",115.62,-0.074192917727412,1.468265623,2.722011919,138.8068109,79.51,77.4,135.6,96.4,278.75
"398",111.92,-0.00663040666561179,2.596055147,4.326758579,99.77927803,123.48,104.8,98.7,149.9,311.56
"399",107.1,-0.0385849530246202,1.315234784,2.712071726,732.101482,1440.79,95.6,105.4,104.6,311.18
"400",110.06,-0.010660034647742,1.947916574,2.499725758,77.27287063,112.71,100.8,179.6,89.8,270.54
"401",101.86,-0.0301514877002748,2.114191709,4.123373896,393.2332844,150.96,94.5,79.2,112.9,317.35
"402",111.83,-0.025043896024967,2.190670813,3.967796626,45.58831394,150.96,90.9,96.8,148.9,245.76
"403",109.92,-0.0487991899114768,2.672236775,8.389884015,79.93446909,1400.85,80.5,89.2,112.5,348.56
"404",102.97,-0.13181307879193,1.522985014,2.382734619,42.49983328,39.48,72.8,106.8,105.4,257.53
"405",104.8,-0.0385849530246201,1.552424179,3.756594951,184.398029,284.57,75.3,89,116.3,289.95
"406",117.99,-0.0047024844087477,2.620554265,4.982456421,172.8294605,272.45,103.9,120.5,111.6,347.89
"407",113.58,0.00540135631412267,2.154004015,7.354507732,25.69300346,96.78,86.3,100.7,120.4,240.3
"408",108.12,-0.0247183898470908,1.592214891,3.285202875,45.88178409,196.21,84.7,82,103.3,299.3
"409",114.87,-0.00362440586187927,1.749735203,5.416492955,51.81353888,124.91,103.9,99.9,92.7,229.65
"410",109.41,0.0109424887892632,1.794111443,7.740573596,15.57980937,135.24,87.8,127.6,117.8,269.48
"411",99.52,-0.136540448376829,1.546750647,5.175002166,97.63799958,77.35,89.1,44.8,107.3,278.1
"412",103.48,-0.0667697589620092,1.801059161,6.712350739,44.92075351,230.09,76.3,104.3,82.3,289.65
"413",114.09,-0.0706321212571329,1.226289486,2.940924343,319.09136,49.29,107.3,131.9,125.6,268.66
"414",103.39,-0.0779066318375189,1.573735617,4.00617623,104.8781434,382.59,98.8,90.7,88.8,328.25
"415",108.46,-0.0184154065845773,2.143763134,4.673277157,54.27037062,62.98,96.3,95.6,132.4,279.98
"416",104.93,-0.0385849530246202,1.579676941,3.397629174,21.23751181,136.13,86.3,83.9,72.9,275.44
"417",125.49,0.0355703956223764,1.708511008,5.060652859,234.2940469,82.26,157.9,109.6,134.2,286.19
"418",112.07,0.0355703956223765,1.567675631,7.144614614,50.41416297,294.1,84.9,96.5,100.8,304.58
"419",113.78,0.0355703956223765,2.323788056,6.080287546,10.67991238,81.09,85.8,95.7,177.6,291.53
"420",82.68,0.0355703956223764,2.113419052,3.795224355,16.20710257,33.28,69.3,92.3,145.4,395.02
"421",103.73,0.0355703956223766,1.127696302,3.715087088,70.30897279,4.58,110.1,113,104,307.74
"422",111.38,0.0355703956223765,1.71748804,4.664919129,15.16176617,405.33,106.9,95.4,123.9,268.08
"423",106.88,0.0355703956223764,2.791747432,4.578004819,5980.124745,104.06,89,94.1,97.9,282.31
"424",109.1,0.0355703956223766,1.830161321,6.995791648,19.76218233,-7.85,111.9,126.5,67.6,292.24
"425",109.11,0.0355703956223766,2.980340523,4.488907948,134.8714106,1219.79,77.2,108.3,105.8,409.36
"426",105.93,0.0355703956223765,1.445339093,4.38289314,14.64581264,121.24,103.9,125.8,78.9,243.25
"427",114.41,0.0355703956223766,2.367945769,3.463240522,193.2114067,268.33,95.6,90.6,130.5,262.57
"428",107.5,0.0355703956223764,1.409142258,2.910359152,54.90000927,351.48,93,140.3,139.9,265.99
"429",115.23,0.0355703956223764,1.496868201,2.793518361,138.8068109,12.38,66.7,118.3,97.9,275.28
"430",113.17,0.0355703956223765,2.58573286,4.383531156,99.77927803,53.71,103.4,101.9,146.2,312.64
"431",108.65,0.0355703956223765,1.322434974,2.789673778,732.101482,332.9,113.8,109.2,109.3,310.24
"432",114.14,0.0355703956223766,1.956962626,2.575109527,77.27287063,-5.96,102.7,131.2,99.9,269.85
"433",104.72,0.0355703956223765,2.128192979,4.172378339,393.2332844,3.16,98.5,77.1,116,320.05
"434",118.97,0.0355703956223765,2.11243257,4.135450004,45.58831394,3.16,107.3,101,203.4,247.14
"435",108.93,0.0355703956223764,2.630483075,8.509925901,79.93446909,823.8,74.6,93.1,112.1,352.6
"436",105.38,0.0355703956223766,1.51596665,2.431863168,42.49983328,103.76,77.5,103.8,106,254.94
"437",105.5,0.0355703956223764,1.57279126,3.955739743,184.398029,114.75,78.5,89.5,127.6,288.43
"438",120.15,0.0355703956223765,2.777106858,5.050522766,172.8294605,369.15,103.9,114.3,115,352.33
"439",116.9,0.0355703956223765,2.256984287,7.560468275,25.69300346,77.06,93.6,94,120.3,240.55
"440",111.35,0.0355703956223766,1.607330855,3.37589866,45.88178409,99.88,94.1,94,109.7,304.52
"441",114.91,0.0355703956223766,1.758777763,5.615429257,51.81353888,80.23,111,127.1,100.7,235.07
"442",109.93,0.0355703956223764,1.798735441,7.870045556,15.57980937,95.2,100.4,149.6,108.9,270.67
"443",96.1,0.0355703956223765,1.558250652,5.226752188,97.63799958,40.06,91.6,41.8,114.9,272.41
"444",103.16,0.0355703956223766,1.778356735,6.859916511,44.92075351,411.98,82.6,109.9,79.2,293.24
"445",109.2,0.0355703956223765,1.258845844,3.353304878,319.09136,49.6,109.4,120.6,127.9,262.32
"446",102.36,0.0355703956223764,1.597124469,4.193287047,104.8781434,276.3,102.6,91.2,86.2,311.33
"447",113.69,0.0355703956223764,2.282886406,4.685924728,54.27037062,20.3,109.1,95,137.6,281.04
"448",105.23,0.0355703956223766,1.562026919,3.477054272,21.23751181,343.63,95.2,89.8,72.6,279.08
"449",126.77,-0.00797943960656504,1.719324369,6.282562631,234.2940469,132.67,158.1,110.7,130.2,290.81
"450",114.38,-0.00797943960656498,1.594506266,7.573904762,50.41416297,212.55,85.8,102.3,102.1,308.12
"451",118.79,-0.00797943960656505,2.341260147,9.330096406,10.67991238,71.29,91,90.7,178.2,292.42
"452",82.76,-0.00797943960656508,2.113419052,5.640745217,16.20710257,45.69,74.6,87.6,114.5,381.27
"453",103.02,-0.00797943960656503,1.146902809,2.247161245,70.30897279,33.25,113.5,119.6,97.2,310.56
"454",114.24,-0.00797943960656504,1.735955654,6.810855799,15.16176617,508.82,95.2,97.9,120.6,275.41
"455",108.14,-0.00797943960656508,2.798950083,10.54612123,5980.124745,141.98,93.4,101.7,95.6,284.39
"456",112.49,-0.00797943960656503,1.848462934,7.6226219,19.76218233,-40.33,123.6,170.7,61.4,295.91
"457",111.09,-0.00797943960656519,3.01713485,6.47580163,134.8714106,901.83,75.7,111.6,108.4,406.52
"458",107.45,-0.00797943960656513,1.492214955,4.281328772,14.64581264,22.12,107.2,128.2,78.4,248.49
"459",117.45,-0.00797943960656504,2.387119419,4.707131063,193.2114067,371.43,89.1,94.6,124.8,264.68
"460",108.39,-0.00797943960656504,1.485203914,3.102514914,54.90000927,251.88,87.3,128,154.1,266.37
"461",113.44,-0.00797943960656493,1.487334008,3.713567924,138.8068109,26.31,75.7,118.7,80.8,277.06
"462",115.07,-0.00797943960656507,2.640785057,5.914670375,99.77927803,82.86,102.1,108.8,149.8,315.28
"463",108.83,-0.00797943960656502,1.34003544,3.73049866,732.101482,58.83,107.2,107.4,111.5,311.39
"464",114.72,-0.00797943960656515,1.984100783,3.518914306,77.27287063,15.8,106.3,114.1,104.9,280.22
"465",107.97,-0.00797943960656503,2.191198692,4.977451341,393.2332844,44,100.9,81.4,116.7,315.06
"466",115.96,-0.00797943960656516,2.224201489,5.543738384,45.58831394,44,101.3,98,68.9,251.88
"467",109.87,-0.00797943960656501,2.706161656,10.13049137,79.93446909,342.45,78.2,94,107.6,352.04
"468",105.47,-0.00797943960656506,1.544040107,3.000350662,42.49983328,4.4,76.8,106.3,112.1,258.84
"469",105.52,-0.00797943960656501,1.581843296,3.532557059,184.398029,418.35,81.4,98.2,120.1,292.74
"470",120.87,-0.00797943960656505,2.661394072,7.671077031,172.8294605,145.69,97.3,112,111.9,352.99
"471",118.33,-0.00797943960656499,2.248402597,12.56359314,25.69300346,33.93,93.4,96.2,73.9,240.77
"472",112.2,-0.00797943960656519,1.637562783,4.408822877,45.88178409,201.94,88.3,82.4,108.4,310.41
"473",112.9,-0.00797943960656505,1.776862881,5.434578074,51.81353888,86.68,116.2,122.2,96.5,237.77
"474",113.08,-0.00797943960656507,1.798735441,6.487469985,15.57980937,98.7,99.2,139.1,115.5,273.88
"475",93.47,-0.0079794396065651,1.57550066,3.996251673,97.63799958,55.68,93.2,40.2,126.3,270.48
"476",104.12,-0.00797943960656506,1.81997785,7.003698545,44.92075351,72.13,86.5,112.2,79.4,294.45
"477",111.19,-0.007979439606565,1.280550083,3.353304878,319.09136,-0.99,120.7,127.2,132.2,266.22
"478",102.28,-0.0079794396065651,1.615501424,4.134814917,104.8781434,238.2,103.1,96.5,86.6,324.11
"479",112.22,-0.00797943960656498,2.295533976,5.191827532,54.27037062,16.37,106.8,97.5,139.7,281.67
"480",108.1,-0.00797943960656513,1.579676941,3.635904467,21.23751181,99.72,92.6,96.9,69.3,306.2
"481",129.21,0.0456942576166368,1.784204534,4.584864984,234.2940469,175.7,170.3,122.2,134.6,291.64
"482",116,0.0456942576166367,1.540844997,6.791983421,50.41416297,412.94,87.7,112.5,104.8,311.1
"483",120.99,0.0456942576166367,2.184011331,5.783262005,10.67991238,55.65,103.5,113.3,170,289.58
"484",80.8,0.0456942576166368,2.039002889,3.22966151,16.20710257,54.07,74.9,91.4,125,376.28
"485",102.46,0.0456942576166366,1.179828248,3.262362295,70.30897279,29.31,116.1,127.3,98.3,311.75
"486",115.77,0.0456942576166369,1.70271395,4.380517884,15.16176617,627.42,94.3,106.3,125.1,268.72
"487",110.37,0.0456942576166368,2.803271673,4.360484766,5980.124745,930.55,93.6,123.4,96.9,282.23
"488",112.27,0.0456942576166366,1.775256481,6.762446079,19.76218233,-20.5,118,184.7,64.1,297.84
"489",113.36,0.0456942576166369,2.851560377,4.157759001,134.8714106,1111.2,85.9,132.3,106.5,402.13
"490",109.21,0.0456942576166368,1.421901161,4.000073597,14.64581264,52.64,115.8,132.9,68.2,246.5
"491",118.9,0.0456942576166367,2.334391881,3.216379779,193.2114067,759.67,89.8,102.8,124.2,264.12
"492",106.38,0.0456942576166368,1.377116297,2.558073587,54.90000927,176.29,91.8,147.6,145.2,259.31
"493",112.48,0.0456942576166367,1.47303272,2.531328072,138.8068109,61.47,84.4,127.8,72.8,273.24
"494",115.56,0.0456942576166368,2.503154565,4.170203895,99.77927803,176.47,103.1,124.7,147.8,314.76
"495",109.55,0.0456942576166368,1.300834403,2.579268214,732.101482,203.48,107.8,127.2,109.3,307.94
"496",115.48,0.0456942576166368,1.947916574,2.309758662,77.27287063,67.59,112.6,124.7,101.6,274.73
"497",107.75,0.0456942576166368,2.100190439,3.689334538,393.2332844,31.89,104.8,90.7,112.8,309.81
"498",115.27,0.0456942576166368,2.101255678,3.710728112,45.58831394,31.89,110.7,109.4,75.2,248.52
"499",111.88,0.0456942576166366,2.601777407,8.14458103,79.93446909,577.98,76.1,103.7,106.2,352.4
"500",104.2,0.0456942576166367,1.501929922,2.161656149,42.49983328,47.46,76.2,117.7,98.3,254.65
"501",109.41,0.0456942576166367,1.507163998,3.48503387,184.398029,399.73,80.6,102.6,122.7,289.6
"502",123.61,0.0456942576166367,2.538874652,4.635318064,172.8294605,280.72,100.9,121.2,110.8,352.91
"503",118.7,0.0456942576166366,2.068187122,6.951168335,25.69300346,62.37,99.4,102.7,87.2,236.86
"504",113.34,0.0456942576166369,1.561982962,3.048386104,45.88178409,409.3,97.6,92,107.1,305.92
"505",114.51,0.0456942576166367,1.718086246,5.280854567,51.81353888,140.31,109.2,133.3,94.5,231.64
"506",112.89,0.0456942576166368,1.784863446,7.601853639,15.57980937,190.09,101.2,146.9,99.1,271.15
"507",92.92,0.0456942576166367,1.523750638,4.864502036,97.63799958,-39.49,102.5,44.2,119.1,265.33
"508",102.84,0.0456942576166367,1.763221784,6.579919919,44.92075351,472.47,86.3,118.5,78.4,293.57
"509",109.66,0.0456942576166367,1.215437367,2.799846791,319.09136,133.29,122.1,145.7,121.3,262.56
"510",103.3,0.0456942576166367,1.5470055,3.688756095,104.8781434,158.57,100.8,94.3,86.1,315.4
"511",115.1,0.0456942576166368,2.346124256,4.382383045,54.27037062,24.88,107.2,106.1,144.8,280.43
"512",107.9,0.0456942576166367,1.57085193,3.35350412,21.23751181,-47.35,94.7,108.7,67.9,283.62
"513",130.74,-0.029882144540739,1.644982444,5.27455661,237.2945363,629.97,177.9,103.4,139.9,305.63
"514",116.15,-0.0369632967703686,1.591628867,7.066380643,51.12610924,548.36,81.1,93.4,100.3,324.08
"515",118.04,0.0569915035447173,2.23170446,6.289348934,10.99167007,142.56,98.5,95.1,174.6,308.73
"516",78.47,0.0509852606022005,2.046179567,4.223899248,16.44505241,102.36,69.4,75.3,140.5,394.99
"517",102.7,-0.104151903972436,1.135736875,3.816291205,71.15674364,147.21,119.6,111.8,88,324.04
"518",116.36,-0.013217186279775,1.70842908,4.81201453,15.30639702,524.88,87.5,89.7,126,278.52
"519",112.94,-0.00486207332938097,2.783309421,4.738681481,5965.129595,473.22,92.7,94.4,94.7,291.17
"520",112.91,-0.045361872670627,1.836593416,7.12130094,19.98891527,54.71,117.8,162.5,73.7,310.08
"521",112.81,-0.0603545911023682,2.956932881,7.53657283,137.0854345,2588.55,75.4,108.1,104.8,418.97
"522",107.98,-0.0754847648995539,1.485032666,4.478181406,14.78645706,17.92,96.9,117,67,258.17
"523",121.26,0.0110741634857412,2.347735349,3.587869747,194.6884478,1197.37,87.6,79.8,126.9,277.86
"524",107.26,-0.0639013863711975,1.467736834,2.982947635,55.19001388,723.33,91.2,129.2,149.8,273.55
"525",113.98,0.0124232008311508,1.486467978,2.907287528,140.4293854,45.11,88.7,122.7,87.5,288.25
"526",115.92,-0.0463916281306588,2.587340621,4.629086166,100.8832863,92.62,97.9,104.5,145.9,325.83
"527",110.94,-0.0326447465316707,1.313901833,2.797339387,742.5734315,532.38,94.5,109.5,112.2,324.15
"528",116.3,-0.0136640216922323,1.927856962,2.772413495,77.77809077,129.46,111.7,126.9,107,284.22
"529",113.03,-0.0202148323663752,2.138475508,4.276951015,397.775181,215.68,92,84.1,121,327.74
"530",115.65,-0.0235877870032904,2.200560162,4.598185414,46.40253103,215.68,104.7,92.4,146.7,256.99
"531",113.29,-0.0266219630444128,2.586018893,8.63202342,81.04584058,1207.9,76.5,87.8,112.4,364.21
"532",102.63,-0.043426630349091,1.517334954,2.645787723,42.75394584,161.75,70.6,102.2,100.4,266.12
"533",111.76,0.000745971729586887,1.558775348,4.009553755,186.1431381,387.63,77.1,88.5,133,302.38
"534",126.09,-0.0410613252947503,2.583685938,5.207429023,175.3035967,630.68,97,101,110.8,364.95
"535",119.81,-0.0490012555607391,2.172566992,7.699710605,26.40528111,142.97,90.1,99,139.7,249.11
"536",114.64,-0.00501421182910122,1.625534119,3.514534013,46.27560548,455.88,89.2,66.9,111.4,318.28
"537",113.88,-0.0665302130975941,1.731097939,5.755454488,52.24372233,120.16,99.8,106.6,100.5,242.88
"538",112.28,-0.0452892625043425,1.790267159,7.824467126,15.78541981,326.99,90.8,132,102.3,285.01
"539",92.48,-0.0450560421756597,1.534934578,6.009467111,98.59006467,193.16,91.2,40.2,121.2,280.91
"540",104.04,-0.0498899639278134,1.798901122,7.642536442,45.41354756,454,94.5,103.9,79.1,305.95
"541",108.74,-0.0701714589507005,1.256806219,3.131364648,323.348256,66.29,124.5,123.2,126.4,278.1
"542",103.77,-0.0677640442084167,1.599090599,4.532959302,105.6262845,201.75,100.9,78.3,89.5,336.57
"543",116.3,-0.0435594385733115,2.254213619,4.944324898,54.95222985,99.41,104,88.5,136.8,291.81
"544",106.69,-0.0568197236410827,1.569721301,3.645241687,21.39787545,145.93,96.1,84.8,66.7,296.28
"545",129.06,0.0199963817046288,1.687433604,5.42313567,237.2945363,249.82,151.4,109,143.6,307.65
"546",116.8,0.0199963817046288,1.595391583,7.183024839,51.12610924,588.3,81.5,97.9,104.6,327.35
"547",122.43,0.0199963817046288,2.248611312,6.407696898,10.99167007,137.02,86.3,102.4,220.9,306.24
"548",75.83,0.0199963817046288,2.046179567,4.413901637,16.44505241,40.69,68.5,84,134.3,392.07
"549",100.78,0.0199963817046288,1.194945906,3.862043638,71.15674364,21.35,110.4,107.3,84.7,325.95
"550",117.57,0.0199963817046287,1.715714492,4.884868648,15.30639702,486.52,99,96.3,123.9,280.7
"551",113.99,0.0199963817046288,2.800588113,4.778998431,5965.129595,504.13,84,96.9,93.9,290.27
"552",114.56,0.0199963817046288,1.836593416,7.287854755,19.98891527,29.5,111.1,166.8,65.8,316.54
"553",114.4,0.0199963817046289,2.920872723,7.608693144,137.0854345,1030.19,79.8,109.6,103.4,422.73
"554",107.39,0.0199963817046288,1.492727135,4.539737165,14.78645706,5.46,91.3,120.8,69.4,260.56
"555",121.77,0.0199963817046288,2.343002011,3.644669796,194.6884478,755.87,92.1,90.2,123.9,282.12
"556",107.79,0.0199963817046289,1.467736834,3.034377766,55.19001388,396.28,88.4,135,160.2,272.2
"557",114.84,0.0199963817046288,1.491157151,2.944800916,140.4293854,335.21,62.4,103.6,98.6,288.96
"558",116.54,0.0199963817046288,2.609367751,4.691778768,100.8832863,119.27,94.9,103.8,141.6,327.74
"559",112.65,0.0199963817046288,1.316256496,2.841293093,742.5734315,152.65,100.1,107.7,114,324.05
"560",113.79,0.0199963817046287,1.924872663,2.841052365,77.77809077,52.35,112.4,130.4,102.3,284.62
"561",109.35,0.0199963817046288,2.110882275,4.304544248,397.775181,160.85,91.7,71.4,116.8,330.73
"562",118.27,0.0199963817046288,2.266248525,4.71861408,46.40253103,160.85,106.3,102.8,156.5,259.52
"563",113.5,0.0199963817046289,2.675722224,8.760171036,81.04584058,-200.18,70,92.8,114.3,371.27
"564",99.8,0.0199963817046288,1.545112253,2.680509347,42.75394584,11.84,71,101,79.9,265.4
"565",112.45,0.0199963817046289,1.59445547,4.069763962,186.1431381,-50.09,76.3,87,136.9,302.18
"566",125.04,0.0199963817046288,2.577009747,5.360981417,175.3035967,52.96,89.4,100.3,110.6,371.84
"567",120.86,0.0199963817046289,2.172566992,7.774626708,26.40528111,61.35,89.7,94,103.4,250.88
"568",115.41,0.0199963817046288,1.814434109,3.599041903,46.27560548,287.93,99.5,68.7,109.6,324.78
"569",115.41,0.0199963817046288,1.771252273,5.866994303,52.24372233,162.48,104.4,122.1,103,247.71
"570",112.85,0.0199963817046288,1.812986285,7.997132487,15.78541981,331.1,93.6,148,97.6,287.77
"571",92.89,0.0199963817046287,1.557590439,6.122746415,98.59006467,65.34,88.8,37.4,126.4,281.84
"572",104.83,0.0199963817046289,1.813798853,7.772891596,45.41354756,418.16,83.8,106.3,80.6,311.19
"573",109.74,0.0199963817046288,1.267457119,3.173968249,323.348256,25.49,109.7,114.4,122.7,276.53
"574",102.33,0.0199963817046288,1.607350365,4.64364016,105.6262845,174.51,99.3,82.9,79.7,324.29
"575",114.97,0.0199963817046289,2.254213619,5.006595993,54.95222985,20.43,101.9,90,135.3,293.18
"576",106.47,0.0199963817046289,1.595883322,3.715007078,21.39787545,-7.11,92.5,85.6,74.2,300.56
"577",129.6,-0.0117535102036453,1.687433604,5.592940309,237.2945363,107.95,157,110.5,135.3,312.95
"578",117.1,-0.0117535102036454,1.602917015,7.299669035,51.12610924,145.5,77.3,100.6,103,329.92
"579",138.48,-0.0117535102036454,2.248611312,6.509138009,10.99167007,143.03,87.7,95.6,221.6,305.51
"580",71.29,-0.0117535102036454,2.10464184,4.545441752,16.44505241,106.88,74.3,80.3,97.4,388.29
"581",99.07,-0.0117535102036453,1.219167783,3.967005103,71.15674364,-0.52,119.4,110.6,83.8,330.96
"582",116.55,-0.0117535102036453,1.712071786,4.957722767,15.30639702,472.81,90.1,97,121.4,285.46
"583",114.08,-0.0117535102036454,2.817866806,4.81787549,5965.129595,231.89,86.8,102.9,92.5,293.1
"584",116.58,-0.0117535102036453,1.854599233,7.436402752,19.98891527,23.51,133.9,174.6,58.3,316.21
"585",113.76,-0.0117535102036454,2.920872723,7.987324793,137.0854345,918.34,73.2,110.8,105.6,421.18
"586",105.41,-0.0117535102036454,1.485032666,4.785960197,14.78645706,27.4,78.8,128.2,70.6,264.42
"587",121.76,-0.0117535102036454,2.383235379,3.715669857,194.6884478,1439.26,97.8,90.8,123.1,285.39
"588",108.32,-0.0117535102036455,1.491473817,3.15701885,55.19001388,385.82,93.5,121.2,145.1,273.37
"589",114.82,-0.0117535102036454,1.552116406,3.047962731,140.4293854,38.12,69,108.4,93.2,290.89
"590",117.79,-0.0117535102036454,2.61614533,4.803608815,100.8832863,54.85,98.9,105.5,148.4,330.36
"591",112.65,-0.0117535102036455,1.309192508,2.950392468,742.5734315,316.4,96.2,104.4,118.6,323.72
"592",117.77,-0.0117535102036453,1.927856962,2.900738339,77.77809077,-8.76,122.5,114.3,99.4,290.42
"593",107.81,-0.0117535102036453,2.097085659,4.414917177,397.775181,78.83,96.3,68.3,112.7,328.44
"594",117.98,-0.0117535102036454,2.255300465,4.915679169,46.40253103,78.83,123.7,99.4,63.3,263.57
"595",113.22,-0.0117535102036455,2.680848129,8.970333126,81.04584058,-80.35,71.2,90.7,112.2,370.72
"596",99.11,-0.0117535102036453,1.562473065,2.72911962,42.75394584,81.89,74,102.3,37.5,270.01
"597",114.09,-0.0117535102036454,1.621215562,4.136664191,186.1431381,-71.3,77.7,94.4,138.3,306.09
"598",124.78,-0.0117535102036453,2.536952601,5.541238576,175.3035967,255.01,89.1,96.5,107.6,373.77
"599",124.08,-0.0117535102036454,2.222511061,7.974402984,26.40528111,165.54,98.1,97.5,72.9,248.86
"600",116.44,-0.0117535102036454,1.700099905,3.638810322,46.27560548,235.05,94.5,82.3,110.6,333.16
"601",115.97,-0.0117535102036454,1.771252273,6.036534823,52.24372233,203.45,110.6,121.4,98.2,248.8
"602",111.86,-0.0117535102036454,1.817530111,8.197060799,15.78541981,-135.68,90.8,137.6,97.8,290.62
"603",91.16,-0.0117535102036453,1.585910265,6.281337442,98.59006467,40.71,87,36.7,121.4,281.92
"604",103.07,-0.0117535102036454,1.821247719,7.147186858,45.41354756,414.98,87.6,108.1,76,313.85
"605",108.63,-0.0117535102036455,1.235504419,3.216571849,323.348256,62.68,121.5,120.5,114.7,283.17
"606",100.68,-0.0117535102036453,1.605698412,4.729541721,105.6262845,230.28,98.9,89.9,79,339.95
"607",116.03,-0.0117535102036455,2.254213619,5.199636386,54.95222985,5.61,97.3,93.8,136.5,290.83
"608",105.54,-0.0117535102036455,1.552279953,3.837096513,21.39787545,-65.12,93.1,86.7,73.9,325.64
"609",130.13,0.0453881779920686,1.698046394,6.367673976,237.2945363,581.09,154.4,123.1,125.9,308.38
"610",117.89,0.0453881779920686,1.621730595,7.47275397,51.12610924,239.33,78.1,106.7,107.1,331.51
"611",140.74,0.0453881779920687,2.282425016,9.248048029,10.99167007,79.64,98.6,115.1,204,303.6
"612",73.06,0.0453881779920686,2.060795135,5.539300399,16.44505241,63.25,77.6,83.9,101.3,382.25
"613",98.94,0.0453881779920686,1.229933061,2.290312987,71.15674364,36.92,118.3,118.5,80,329.36
"614",116.92,0.0453881779920686,1.752141551,6.906570438,15.30639702,241.91,92.2,101.3,119.5,280.97
"615",114.67,0.0453881779920686,2.802028005,11.25562842,5965.129595,1167.67,93.5,124.5,94.2,290.51
"616",118.2,0.0453881779920686,1.886109415,7.801020562,19.98891527,36.22,132.8,185.1,56.8,317.62
"617",114.44,0.0453881779920687,2.938902802,6.526888431,137.0854345,324.19,81.4,125.3,106.9,420.98
"618",104.47,0.0453881779920686,1.515810545,4.608987392,14.78645706,46.87,82.9,130.9,69.4,263.47
"619",121.81,0.0453881779920686,2.371402036,4.87297085,194.6884478,346.09,99.1,98.5,119.6,282.43
"620",110.07,0.0453881779920687,1.471692998,3.216361309,55.19001388,90.09,97.5,144.7,141.1,268.12
"621",116.21,0.0453881779920686,1.514603019,3.629420237,140.4293854,-13.18,76.3,121.3,94.6,285.93
"622",118.57,0.0453881779920686,2.622922908,6.06423843,100.8832863,89.87,101.8,119.8,148.9,332.05
"623",117.65,0.0453881779920687,1.34451245,3.812983935,742.5734315,372.23,101.7,123.9,114.7,320.39
"624",120.67,0.0453881779920686,1.939794157,3.673671703,77.77809077,117.35,119.7,123.1,104.1,282.17
"625",113.38,0.0453881779920686,2.145373816,4.925391976,397.775181,139.69,98.6,83.9,107.7,326.18
"626",118.17,0.0453881779920686,2.288144646,5.769627888,46.40253103,139.69,123.2,108.1,61.2,261.49
"627",113.81,0.0453881779920687,2.688536986,10.14160234,81.04584058,890.79,72.5,97.9,108.3,371.74
"628",101.73,0.0453881779920686,1.559000902,3.333275871,42.75394584,163.27,75.4,113.7,34.4,267.53
"629",113.87,0.0453881779920686,1.616755546,3.554632194,186.1431381,673.16,76,100.8,137.3,305.06
"630",125.69,0.0453881779920686,2.583685938,7.537419701,175.3035967,86.73,90.1,110,109.1,373.89
"631",123.59,0.0453881779920686,2.222511061,12.7024415,26.40528111,70.46,95.8,101.1,76.4,246.7
"632",118.15,0.0453881779920687,1.715013062,4.558455008,46.27560548,186.28,92.8,93.1,114.8,331
"633",115.41,0.0453881779920686,1.798021828,5.425296633,52.24372233,274.61,108.1,133.7,95.5,243.22
"634",111.9,0.0453881779920687,1.822073936,6.361355387,15.78541981,-268.95,93.8,142.8,92.7,288.97
"635",87.84,0.0453881779920685,1.608566126,4.134694619,98.59006467,83.21,94.3,40.6,105.7,280.27
"636",103.36,0.0453881779920686,1.828696585,6.908823148,45.41354756,336.71,88.2,114.5,71.3,312.68
"637",110.3,0.0453881779920687,1.31006072,3.30177905,323.348256,5.05,107.1,138.7,116,282.35
"638",100.17,0.0453881779920686,1.628825755,4.156313996,105.6262845,283.8,99.2,90.8,75.5,331.68
"639",115.61,0.0453881779920687,2.279122056,5.299270137,54.95222985,-15.19,100.5,101.3,139.2,290.46
"640",105.95,0.0453881779920687,1.595883322,3.653962361,21.39787545,236.68,102.9,98.5,71.7,306.01
